preprocessor,arm_name,dataset_name,seed_split,seed_algo,r2,rmsep,rmse_cv,n_components,n_fits,wall_time,n_test
snv,pls_full,tecator,0,0,0.9651,2.2326,2.1111,3,101,0.368322,54
snv,pls_full,tecator,1,0,0.9537,2.4181,2.0944,3,101,0.334712,54
snv,pls_full,tecator,2,0,0.9694,1.9808,2.2561,3,101,0.330351,54
snv,pls_full,tecator,3,0,0.9732,1.8663,2.2201,3,101,0.298385,54
snv,pls_full,tecator,4,0,0.9639,2.6947,1.8978,3,101,0.285633,54
snv,pls_full,tecator,5,0,0.9671,1.9964,2.2191,3,101,0.298332,54
snv,pls_full,tecator,6,0,0.9716,2.2152,2.2289,3,101,0.287062,54
snv,pls_full,tecator,7,0,0.9669,1.7723,2.3090,3,101,0.293057,54
snv,pls_full,tecator,8,0,0.9758,2.0290,2.1968,3,101,0.298892,54
snv,pls_full,tecator,9,0,0.9671,2.4840,2.0858,3,101,0.277483,54
snv,pls_full,tecator,10,0,0.9721,2.1928,2.0667,4,101,0.285685,54
snv,pls_full,tecator,11,0,0.9629,2.0984,2.2980,3,101,0.289134,54
snv,pls_full,tecator,12,0,0.9703,1.8253,2.2911,3,101,0.294965,54
snv,pls_full,tecator,13,0,0.9744,2.1103,2.0958,7,101,0.278325,54
snv,pls_full,tecator,14,0,0.9734,2.0570,2.0900,5,101,0.288484,54
snv,pls_full,tecator,15,0,0.9628,2.4348,1.9065,8,101,0.300665,54
snv,pls_full,tecator,16,0,0.9749,2.2240,2.1296,3,101,0.316238,54
snv,pls_full,tecator,17,0,0.9669,2.0981,2.1479,4,101,0.314991,54
snv,pls_full,tecator,18,0,0.9687,2.3666,2.0657,3,101,0.314266,54
snv,pls_full,tecator,19,0,0.9575,2.7265,1.8869,3,101,0.298728,54
snv,pls_full,tecator,20,0,0.9822,1.6287,2.2174,8,101,0.310490,54
snv,pls_full,tecator,21,0,0.9771,1.8240,2.1186,8,101,0.286631,54
snv,pls_full,tecator,22,0,0.9645,2.3775,1.8952,9,101,0.318556,54
snv,pls_full,tecator,23,0,0.9774,1.8896,2.0949,9,101,0.327026,54
snv,pls_full,tecator,24,0,0.9784,1.7496,2.2646,3,101,0.330272,54
snv,pls_full,tecator,25,0,0.9702,2.1377,2.2033,3,101,0.313379,54
snv,pls_full,tecator,26,0,0.9718,1.8707,2.2932,7,101,0.330490,54
snv,pls_full,tecator,27,0,0.9670,1.9344,2.2591,3,101,0.302088,54
snv,pls_full,tecator,28,0,0.9532,2.4762,2.0495,6,101,0.292568,54
snv,pls_full,tecator,29,0,0.9677,2.1443,1.9935,8,101,0.316736,54
derivative,pls_full,tecator,0,0,0.9587,2.4297,2.8700,9,101,0.317500,54
derivative,pls_full,tecator,1,0,0.9262,3.0517,2.8237,8,101,0.307033,54
derivative,pls_full,tecator,2,0,0.9537,2.4370,3.2196,7,101,0.312844,54
derivative,pls_full,tecator,3,0,0.9448,2.6781,2.8982,10,101,0.324884,54
derivative,pls_full,tecator,4,0,0.9458,3.3049,3.0339,4,101,0.286870,54
derivative,pls_full,tecator,5,0,0.9228,3.0575,2.7906,12,101,0.339586,54
derivative,pls_full,tecator,6,0,0.9643,2.4821,3.0305,8,101,0.346680,54
derivative,pls_full,tecator,7,0,0.9507,2.1630,2.8474,13,101,0.304058,54
derivative,pls_full,tecator,8,0,0.9679,2.3352,2.7588,14,101,0.323120,54
derivative,pls_full,tecator,9,0,0.9268,3.7053,2.6245,14,101,0.311422,54
derivative,pls_full,tecator,10,0,0.9448,3.0868,2.9612,5,101,0.300351,54
derivative,pls_full,tecator,11,0,0.9444,2.5675,2.8298,8,101,0.288572,54
derivative,pls_full,tecator,12,0,0.9405,2.5823,2.9807,6,101,0.315589,54
derivative,pls_full,tecator,13,0,0.9318,3.4458,2.6268,7,101,0.297223,54
derivative,pls_full,tecator,14,0,0.9463,2.9236,2.5432,13,101,0.291519,54
derivative,pls_full,tecator,15,0,0.9487,2.8610,2.6282,11,101,0.291099,54
derivative,pls_full,tecator,16,0,0.9449,3.2944,2.5914,9,101,0.319719,54
derivative,pls_full,tecator,17,0,0.9544,2.4630,2.8149,10,101,0.372903,54
derivative,pls_full,tecator,18,0,0.9601,2.6734,2.4247,15,101,0.297221,54
derivative,pls_full,tecator,19,0,0.9398,3.2453,3.0828,4,101,0.284258,54
derivative,pls_full,tecator,20,0,0.9496,2.7435,2.9622,7,101,0.294810,54
derivative,pls_full,tecator,21,0,0.9256,3.2878,2.5934,10,101,0.297804,54
derivative,pls_full,tecator,22,0,0.9509,2.7942,2.6997,11,101,0.286543,54
derivative,pls_full,tecator,23,0,0.9576,2.5877,2.9482,8,101,0.274808,54
derivative,pls_full,tecator,24,0,0.9597,2.3906,2.7895,10,101,0.282704,54
derivative,pls_full,tecator,25,0,0.9553,2.6186,2.9509,7,101,0.282083,54
derivative,pls_full,tecator,26,0,0.9092,3.3588,3.0566,7,101,0.282009,54
derivative,pls_full,tecator,27,0,0.9420,2.5627,2.6576,11,101,0.285800,54
derivative,pls_full,tecator,28,0,0.9235,3.1652,2.9958,6,101,0.279789,54
derivative,pls_full,tecator,29,0,0.9454,2.7873,2.8643,7,101,0.282188,54
snv_derivative,pls_full,tecator,0,0,0.9620,2.3303,2.1275,4,101,0.277238,54
snv_derivative,pls_full,tecator,1,0,0.9546,2.3937,2.2181,4,101,0.284906,54
snv_derivative,pls_full,tecator,2,0,0.9713,1.9188,2.1689,7,101,0.273841,54
snv_derivative,pls_full,tecator,3,0,0.9761,1.7617,2.1967,5,101,0.274425,54
snv_derivative,pls_full,tecator,4,0,0.9656,2.6328,1.9502,4,101,0.312911,54
snv_derivative,pls_full,tecator,5,0,0.9638,2.0948,2.3273,3,101,0.303739,54
snv_derivative,pls_full,tecator,6,0,0.9700,2.2773,2.2967,3,101,0.317062,54
snv_derivative,pls_full,tecator,7,0,0.9697,1.6974,2.3968,3,101,0.341315,54
snv_derivative,pls_full,tecator,8,0,0.9688,2.3028,2.1630,4,101,0.470778,54
snv_derivative,pls_full,tecator,9,0,0.9683,2.4387,2.1429,5,101,0.304402,54
snv_derivative,pls_full,tecator,10,0,0.9729,2.1621,2.0256,5,101,0.301394,54
snv_derivative,pls_full,tecator,11,0,0.9658,2.0138,2.1853,7,101,0.321675,54
snv_derivative,pls_full,tecator,12,0,0.9659,1.9544,2.3279,3,101,0.315881,54
snv_derivative,pls_full,tecator,13,0,0.9662,2.4246,2.2296,4,101,0.334963,54
snv_derivative,pls_full,tecator,14,0,0.9674,2.2782,2.1359,5,101,0.337017,54
snv_derivative,pls_full,tecator,15,0,0.9595,2.5422,1.8132,10,101,0.299106,54
snv_derivative,pls_full,tecator,16,0,0.9680,2.5101,2.0938,7,101,0.351844,54
snv_derivative,pls_full,tecator,17,0,0.9656,2.1395,2.1473,4,101,0.319487,54
snv_derivative,pls_full,tecator,18,0,0.9644,2.5258,2.1659,4,101,0.293942,54
snv_derivative,pls_full,tecator,19,0,0.9628,2.5510,2.0783,3,101,0.298296,54
snv_derivative,pls_full,tecator,20,0,0.9762,1.8874,2.3075,3,101,0.294970,54
snv_derivative,pls_full,tecator,21,0,0.9755,1.8875,2.0367,9,101,0.305900,54
snv_derivative,pls_full,tecator,22,0,0.9667,2.3014,1.8830,9,101,0.295313,54
snv_derivative,pls_full,tecator,23,0,0.9752,1.9792,2.2054,6,101,0.301239,54
snv_derivative,pls_full,tecator,24,0,0.9875,1.3286,2.2490,11,101,0.291448,54
snv_derivative,pls_full,tecator,25,0,0.9653,2.3070,2.2915,3,101,0.278518,54
snv_derivative,pls_full,tecator,26,0,0.9706,1.9121,2.1443,10,101,0.300480,54
snv_derivative,pls_full,tecator,27,0,0.9759,1.6532,2.1950,5,101,0.287963,54
snv_derivative,pls_full,tecator,28,0,0.9533,2.4719,2.0416,9,101,0.304086,54
snv_derivative,pls_full,tecator,29,0,0.9657,2.2079,2.0157,8,101,0.318250,54
